1,ZIIIIIIIIIIIIIIIIIII
2,IZIIIIIIIIIIIIIIIIII
3,IIZIIIIIIIIIIIIIIIII
4,IIIZIIIIIIIIIIIIIIII
5,IIIIZIIIIIIIIIIIIIII
6,IIIIIZIIIIIIIIIIIIII
7,IIIIIIZIIIIIIIIIIIII
8,IIIIIIIZIIIIIIIIIIII
9,IIIIIIIIZIIIIIIIIIII
10,IIIIIIIIIZIIIIIIIIII
11,IIIIIIIIIIZIIIIIIIII
12,IIIIIIIIIIIZIIIIIIII
13,IIIIIIIIIIIIZIIIIIII
14,IIIIIIIIIIIIIZIIIIII
15,IIIIIIIIIIIIIIZIIIII
16,IIIIIIIIIIIIIIIZIIII
17,IIIIIIIIIIIIIIIIZIII
18,IIIIIIIIIIIIIIIIIZII
19,IIIIIIIIIIIIIIIIIIZI
20,IIIIIIIIIIIIIIIIIIIZ
21,XXIIIIIIIIIIIIIIIIII
22,XYIIIIIIIIIIIIIIIIII
23,YXIIIIIIIIIIIIIIIIII
24,YYIIIIIIIIIIIIIIIIII
25,XZXIIIIIIIIIIIIIIIII
26,XZYIIIIIIIIIIIIIIIII
27,YZXIIIIIIIIIIIIIIIII
28,YZYIIIIIIIIIIIIIIIII
29,XZZXIIIIIIIIIIIIIIII
30,XZZYIIIIIIIIIIIIIIII
31,YZZXIIIIIIIIIIIIIIII
32,YZZYIIIIIIIIIIIIIIII
33,XZZZXIIIIIIIIIIIIIII
34,XZZZYIIIIIIIIIIIIIII
35,YZZZXIIIIIIIIIIIIIII
36,YZZZYIIIIIIIIIIIIIII
37,XZZZZXIIIIIIIIIIIIII
38,XZZZZYIIIIIIIIIIIIII
39,YZZZZXIIIIIIIIIIIIII
40,YZZZZYIIIIIIIIIIIIII
41,XZZZZZXIIIIIIIIIIIII
42,XZZZZZYIIIIIIIIIIIII
43,YZZZZZXIIIIIIIIIIIII
44,YZZZZZYIIIIIIIIIIIII
45,XZZZZZZXIIIIIIIIIIII
46,XZZZZZZYIIIIIIIIIIII
47,YZZZZZZXIIIIIIIIIIII
48,YZZZZZZYIIIIIIIIIIII
49,XZZZZZZZXIIIIIIIIIII
50,XZZZZZZZYIIIIIIIIIII
51,YZZZZZZZXIIIIIIIIIII
52,YZZZZZZZYIIIIIIIIIII
53,XZZZZZZZZXIIIIIIIIII
54,XZZZZZZZZYIIIIIIIIII
55,YZZZZZZZZXIIIIIIIIII
56,YZZZZZZZZYIIIIIIIIII
57,XZZZZZZZZZXIIIIIIIII
58,XZZZZZZZZZYIIIIIIIII
59,YZZZZZZZZZXIIIIIIIII
60,YZZZZZZZZZYIIIIIIIII
61,XZZZZZZZZZZXIIIIIIII
62,XZZZZZZZZZZYIIIIIIII
63,YZZZZZZZZZZXIIIIIIII
64,YZZZZZZZZZZYIIIIIIII
65,XZZZZZZZZZZZXIIIIIII
66,XZZZZZZZZZZZYIIIIIII
67,YZZZZZZZZZZZXIIIIIII
68,YZZZZZZZZZZZYIIIIIII
69,XZZZZZZZZZZZZXIIIIII
70,XZZZZZZZZZZZZYIIIIII
71,YZZZZZZZZZZZZXIIIIII
72,YZZZZZZZZZZZZYIIIIII
73,XZZZZZZZZZZZZZXIIIII
74,XZZZZZZZZZZZZZYIIIII
75,YZZZZZZZZZZZZZXIIIII
76,YZZZZZZZZZZZZZYIIIII
77,XZZZZZZZZZZZZZZXIIII
78,XZZZZZZZZZZZZZZYIIII
79,YZZZZZZZZZZZZZZXIIII
80,YZZZZZZZZZZZZZZYIIII
81,XZZZZZZZZZZZZZZZXIII
82,XZZZZZZZZZZZZZZZYIII
83,YZZZZZZZZZZZZZZZXIII
84,YZZZZZZZZZZZZZZZYIII
85,XZZZZZZZZZZZZZZZZXII
86,XZZZZZZZZZZZZZZZZYII
87,YZZZZZZZZZZZZZZZZXII
88,YZZZZZZZZZZZZZZZZYII
89,XZZZZZZZZZZZZZZZZZXI
90,XZZZZZZZZZZZZZZZZZYI
91,YZZZZZZZZZZZZZZZZZXI
92,YZZZZZZZZZZZZZZZZZYI
93,XZZZZZZZZZZZZZZZZZZX
94,XZZZZZZZZZZZZZZZZZZY
95,YZZZZZZZZZZZZZZZZZZX
96,YZZZZZZZZZZZZZZZZZZY
97,IXXIIIIIIIIIIIIIIIII
98,IXYIIIIIIIIIIIIIIIII
99,IYXIIIIIIIIIIIIIIIII
100,IYYIIIIIIIIIIIIIIIII
101,IXZXIIIIIIIIIIIIIIII
102,IXZYIIIIIIIIIIIIIIII
103,IYZXIIIIIIIIIIIIIIII
104,IYZYIIIIIIIIIIIIIIII
105,IXZZXIIIIIIIIIIIIIII
106,IXZZYIIIIIIIIIIIIIII
107,IYZZXIIIIIIIIIIIIIII
108,IYZZYIIIIIIIIIIIIIII
109,IXZZZXIIIIIIIIIIIIII
110,IXZZZYIIIIIIIIIIIIII
111,IYZZZXIIIIIIIIIIIIII
112,IYZZZYIIIIIIIIIIIIII
113,IXZZZZXIIIIIIIIIIIII
114,IXZZZZYIIIIIIIIIIIII
115,IYZZZZXIIIIIIIIIIIII
116,IYZZZZYIIIIIIIIIIIII
117,IXZZZZZXIIIIIIIIIIII
118,IXZZZZZYIIIIIIIIIIII
119,IYZZZZZXIIIIIIIIIIII
120,IYZZZZZYIIIIIIIIIIII
121,IXZZZZZZXIIIIIIIIIII
122,IXZZZZZZYIIIIIIIIIII
123,IYZZZZZZXIIIIIIIIIII
124,IYZZZZZZYIIIIIIIIIII
125,IXZZZZZZZXIIIIIIIIII
126,IXZZZZZZZYIIIIIIIIII
127,IYZZZZZZZXIIIIIIIIII
128,IYZZZZZZZYIIIIIIIIII
129,IXZZZZZZZZXIIIIIIIII
130,IXZZZZZZZZYIIIIIIIII
131,IYZZZZZZZZXIIIIIIIII
132,IYZZZZZZZZYIIIIIIIII
133,IXZZZZZZZZZXIIIIIIII
134,IXZZZZZZZZZYIIIIIIII
135,IYZZZZZZZZZXIIIIIIII
136,IYZZZZZZZZZYIIIIIIII
137,IXZZZZZZZZZZXIIIIIII
138,IXZZZZZZZZZZYIIIIIII
139,IYZZZZZZZZZZXIIIIIII
140,IYZZZZZZZZZZYIIIIIII
141,IXZZZZZZZZZZZXIIIIII
142,IXZZZZZZZZZZZYIIIIII
143,IYZZZZZZZZZZZXIIIIII
144,IYZZZZZZZZZZZYIIIIII
145,IXZZZZZZZZZZZZXIIIII
146,IXZZZZZZZZZZZZYIIIII
147,IYZZZZZZZZZZZZXIIIII
148,IYZZZZZZZZZZZZYIIIII
149,IXZZZZZZZZZZZZZXIIII
150,IXZZZZZZZZZZZZZYIIII
151,IYZZZZZZZZZZZZZXIIII
152,IYZZZZZZZZZZZZZYIIII
153,IXZZZZZZZZZZZZZZXIII
154,IXZZZZZZZZZZZZZZYIII
155,IYZZZZZZZZZZZZZZXIII
156,IYZZZZZZZZZZZZZZYIII
157,IXZZZZZZZZZZZZZZZXII
158,IXZZZZZZZZZZZZZZZYII
159,IYZZZZZZZZZZZZZZZXII
160,IYZZZZZZZZZZZZZZZYII
161,IXZZZZZZZZZZZZZZZZXI
162,IXZZZZZZZZZZZZZZZZYI
163,IYZZZZZZZZZZZZZZZZXI
164,IYZZZZZZZZZZZZZZZZYI
165,IXZZZZZZZZZZZZZZZZZX
166,IXZZZZZZZZZZZZZZZZZY
167,IYZZZZZZZZZZZZZZZZZX
168,IYZZZZZZZZZZZZZZZZZY
169,IIXXIIIIIIIIIIIIIIII
170,IIXYIIIIIIIIIIIIIIII
171,IIYXIIIIIIIIIIIIIIII
172,IIYYIIIIIIIIIIIIIIII
173,IIXZXIIIIIIIIIIIIIII
174,IIXZYIIIIIIIIIIIIIII
175,IIYZXIIIIIIIIIIIIIII
176,IIYZYIIIIIIIIIIIIIII
177,IIXZZXIIIIIIIIIIIIII
178,IIXZZYIIIIIIIIIIIIII
179,IIYZZXIIIIIIIIIIIIII
180,IIYZZYIIIIIIIIIIIIII
181,IIXZZZXIIIIIIIIIIIII
182,IIXZZZYIIIIIIIIIIIII
183,IIYZZZXIIIIIIIIIIIII
184,IIYZZZYIIIIIIIIIIIII
185,IIXZZZZXIIIIIIIIIIII
186,IIXZZZZYIIIIIIIIIIII
187,IIYZZZZXIIIIIIIIIIII
188,IIYZZZZYIIIIIIIIIIII
189,IIXZZZZZXIIIIIIIIIII
190,IIXZZZZZYIIIIIIIIIII
191,IIYZZZZZXIIIIIIIIIII
192,IIYZZZZZYIIIIIIIIIII
193,IIXZZZZZZXIIIIIIIIII
194,IIXZZZZZZYIIIIIIIIII
195,IIYZZZZZZXIIIIIIIIII
196,IIYZZZZZZYIIIIIIIIII
197,IIXZZZZZZZXIIIIIIIII
198,IIXZZZZZZZYIIIIIIIII
199,IIYZZZZZZZXIIIIIIIII
200,IIYZZZZZZZYIIIIIIIII
201,IIXZZZZZZZZXIIIIIIII
202,IIXZZZZZZZZYIIIIIIII
203,IIYZZZZZZZZXIIIIIIII
204,IIYZZZZZZZZYIIIIIIII
205,IIXZZZZZZZZZXIIIIIII
206,IIXZZZZZZZZZYIIIIIII
207,IIYZZZZZZZZZXIIIIIII
208,IIYZZZZZZZZZYIIIIIII
209,IIXZZZZZZZZZZXIIIIII
210,IIXZZZZZZZZZZYIIIIII
211,IIYZZZZZZZZZZXIIIIII
212,IIYZZZZZZZZZZYIIIIII
213,IIXZZZZZZZZZZZXIIIII
214,IIXZZZZZZZZZZZYIIIII
215,IIYZZZZZZZZZZZXIIIII
216,IIYZZZZZZZZZZZYIIIII
217,IIXZZZZZZZZZZZZXIIII
218,IIXZZZZZZZZZZZZYIIII
219,IIYZZZZZZZZZZZZXIIII
220,IIYZZZZZZZZZZZZYIIII
221,IIXZZZZZZZZZZZZZXIII
222,IIXZZZZZZZZZZZZZYIII
223,IIYZZZZZZZZZZZZZXIII
224,IIYZZZZZZZZZZZZZYIII
225,IIXZZZZZZZZZZZZZZXII
226,IIXZZZZZZZZZZZZZZYII
227,IIYZZZZZZZZZZZZZZXII
228,IIYZZZZZZZZZZZZZZYII
229,IIXZZZZZZZZZZZZZZZXI
230,IIXZZZZZZZZZZZZZZZYI
231,IIYZZZZZZZZZZZZZZZXI
232,IIYZZZZZZZZZZZZZZZYI
233,IIXZZZZZZZZZZZZZZZZX
234,IIXZZZZZZZZZZZZZZZZY
235,IIYZZZZZZZZZZZZZZZZX
236,IIYZZZZZZZZZZZZZZZZY
237,IIIXXIIIIIIIIIIIIIII
238,IIIXYIIIIIIIIIIIIIII
239,IIIYXIIIIIIIIIIIIIII
240,IIIYYIIIIIIIIIIIIIII
241,IIIXZXIIIIIIIIIIIIII
242,IIIXZYIIIIIIIIIIIIII
243,IIIYZXIIIIIIIIIIIIII
244,IIIYZYIIIIIIIIIIIIII
245,IIIXZZXIIIIIIIIIIIII
246,IIIXZZYIIIIIIIIIIIII
247,IIIYZZXIIIIIIIIIIIII
248,IIIYZZYIIIIIIIIIIIII
249,IIIXZZZXIIIIIIIIIIII
250,IIIXZZZYIIIIIIIIIIII
251,IIIYZZZXIIIIIIIIIIII
252,IIIYZZZYIIIIIIIIIIII
253,IIIXZZZZXIIIIIIIIIII
254,IIIXZZZZYIIIIIIIIIII
255,IIIYZZZZXIIIIIIIIIII
256,IIIYZZZZYIIIIIIIIIII
257,IIIXZZZZZXIIIIIIIIII
258,IIIXZZZZZYIIIIIIIIII
259,IIIYZZZZZXIIIIIIIIII
260,IIIYZZZZZYIIIIIIIIII
261,IIIXZZZZZZXIIIIIIIII
262,IIIXZZZZZZYIIIIIIIII
263,IIIYZZZZZZXIIIIIIIII
264,IIIYZZZZZZYIIIIIIIII
265,IIIXZZZZZZZXIIIIIIII
266,IIIXZZZZZZZYIIIIIIII
267,IIIYZZZZZZZXIIIIIIII
268,IIIYZZZZZZZYIIIIIIII
269,IIIXZZZZZZZZXIIIIIII
270,IIIXZZZZZZZZYIIIIIII
271,IIIYZZZZZZZZXIIIIIII
272,IIIYZZZZZZZZYIIIIIII
273,IIIXZZZZZZZZZXIIIIII
274,IIIXZZZZZZZZZYIIIIII
275,IIIYZZZZZZZZZXIIIIII
276,IIIYZZZZZZZZZYIIIIII
277,IIIXZZZZZZZZZZXIIIII
278,IIIXZZZZZZZZZZYIIIII
279,IIIYZZZZZZZZZZXIIIII
280,IIIYZZZZZZZZZZYIIIII
281,IIIXZZZZZZZZZZZXIIII
282,IIIXZZZZZZZZZZZYIIII
283,IIIYZZZZZZZZZZZXIIII
284,IIIYZZZZZZZZZZZYIIII
285,IIIXZZZZZZZZZZZZXIII
286,IIIXZZZZZZZZZZZZYIII
287,IIIYZZZZZZZZZZZZXIII
288,IIIYZZZZZZZZZZZZYIII
289,IIIXZZZZZZZZZZZZZXII
290,IIIXZZZZZZZZZZZZZYII
291,IIIYZZZZZZZZZZZZZXII
292,IIIYZZZZZZZZZZZZZYII
293,IIIXZZZZZZZZZZZZZZXI
294,IIIXZZZZZZZZZZZZZZYI
295,IIIYZZZZZZZZZZZZZZXI
296,IIIYZZZZZZZZZZZZZZYI
297,IIIXZZZZZZZZZZZZZZZX
298,IIIXZZZZZZZZZZZZZZZY
299,IIIYZZZZZZZZZZZZZZZX
300,IIIYZZZZZZZZZZZZZZZY
301,IIIIXXIIIIIIIIIIIIII
302,IIIIXYIIIIIIIIIIIIII
303,IIIIYXIIIIIIIIIIIIII
304,IIIIYYIIIIIIIIIIIIII
305,IIIIXZXIIIIIIIIIIIII
306,IIIIXZYIIIIIIIIIIIII
307,IIIIYZXIIIIIIIIIIIII
308,IIIIYZYIIIIIIIIIIIII
309,IIIIXZZXIIIIIIIIIIII
310,IIIIXZZYIIIIIIIIIIII
311,IIIIYZZXIIIIIIIIIIII
312,IIIIYZZYIIIIIIIIIIII
313,IIIIXZZZXIIIIIIIIIII
314,IIIIXZZZYIIIIIIIIIII
315,IIIIYZZZXIIIIIIIIIII
316,IIIIYZZZYIIIIIIIIIII
317,IIIIXZZZZXIIIIIIIIII
318,IIIIXZZZZYIIIIIIIIII
319,IIIIYZZZZXIIIIIIIIII
320,IIIIYZZZZYIIIIIIIIII
321,IIIIXZZZZZXIIIIIIIII
322,IIIIXZZZZZYIIIIIIIII
323,IIIIYZZZZZXIIIIIIIII
324,IIIIYZZZZZYIIIIIIIII
325,IIIIXZZZZZZXIIIIIIII
326,IIIIXZZZZZZYIIIIIIII
327,IIIIYZZZZZZXIIIIIIII
328,IIIIYZZZZZZYIIIIIIII
329,IIIIXZZZZZZZXIIIIIII
330,IIIIXZZZZZZZYIIIIIII
331,IIIIYZZZZZZZXIIIIIII
332,IIIIYZZZZZZZYIIIIIII
333,IIIIXZZZZZZZZXIIIIII
334,IIIIXZZZZZZZZYIIIIII
335,IIIIYZZZZZZZZXIIIIII
336,IIIIYZZZZZZZZYIIIIII
337,IIIIXZZZZZZZZZXIIIII
338,IIIIXZZZZZZZZZYIIIII
339,IIIIYZZZZZZZZZXIIIII
340,IIIIYZZZZZZZZZYIIIII
341,IIIIXZZZZZZZZZZXIIII
342,IIIIXZZZZZZZZZZYIIII
343,IIIIYZZZZZZZZZZXIIII
344,IIIIYZZZZZZZZZZYIIII
345,IIIIXZZZZZZZZZZZXIII
346,IIIIXZZZZZZZZZZZYIII
347,IIIIYZZZZZZZZZZZXIII
348,IIIIYZZZZZZZZZZZYIII
349,IIIIXZZZZZZZZZZZZXII
350,IIIIXZZZZZZZZZZZZYII
351,IIIIYZZZZZZZZZZZZXII
352,IIIIYZZZZZZZZZZZZYII
353,IIIIXZZZZZZZZZZZZZXI
354,IIIIXZZZZZZZZZZZZZYI
355,IIIIYZZZZZZZZZZZZZXI
356,IIIIYZZZZZZZZZZZZZYI
357,IIIIXZZZZZZZZZZZZZZX
358,IIIIXZZZZZZZZZZZZZZY
359,IIIIYZZZZZZZZZZZZZZX
360,IIIIYZZZZZZZZZZZZZZY
361,IIIIIXXIIIIIIIIIIIII
362,IIIIIXYIIIIIIIIIIIII
363,IIIIIYXIIIIIIIIIIIII
364,IIIIIYYIIIIIIIIIIIII
365,IIIIIXZXIIIIIIIIIIII
366,IIIIIXZYIIIIIIIIIIII
367,IIIIIYZXIIIIIIIIIIII
368,IIIIIYZYIIIIIIIIIIII
369,IIIIIXZZXIIIIIIIIIII
370,IIIIIXZZYIIIIIIIIIII
371,IIIIIYZZXIIIIIIIIIII
372,IIIIIYZZYIIIIIIIIIII
373,IIIIIXZZZXIIIIIIIIII
374,IIIIIXZZZYIIIIIIIIII
375,IIIIIYZZZXIIIIIIIIII
376,IIIIIYZZZYIIIIIIIIII
377,IIIIIXZZZZXIIIIIIIII
378,IIIIIXZZZZYIIIIIIIII
379,IIIIIYZZZZXIIIIIIIII
380,IIIIIYZZZZYIIIIIIIII
381,IIIIIXZZZZZXIIIIIIII
382,IIIIIXZZZZZYIIIIIIII
383,IIIIIYZZZZZXIIIIIIII
384,IIIIIYZZZZZYIIIIIIII
385,IIIIIXZZZZZZXIIIIIII
386,IIIIIXZZZZZZYIIIIIII
387,IIIIIYZZZZZZXIIIIIII
388,IIIIIYZZZZZZYIIIIIII
389,IIIIIXZZZZZZZXIIIIII
390,IIIIIXZZZZZZZYIIIIII
391,IIIIIYZZZZZZZXIIIIII
392,IIIIIYZZZZZZZYIIIIII
393,IIIIIXZZZZZZZZXIIIII
394,IIIIIXZZZZZZZZYIIIII
395,IIIIIYZZZZZZZZXIIIII
396,IIIIIYZZZZZZZZYIIIII
397,IIIIIXZZZZZZZZZXIIII
398,IIIIIXZZZZZZZZZYIIII
399,IIIIIYZZZZZZZZZXIIII
400,IIIIIYZZZZZZZZZYIIII
401,IIIIIXZZZZZZZZZZXIII
402,IIIIIXZZZZZZZZZZYIII
403,IIIIIYZZZZZZZZZZXIII
404,IIIIIYZZZZZZZZZZYIII
405,IIIIIXZZZZZZZZZZZXII
406,IIIIIXZZZZZZZZZZZYII
407,IIIIIYZZZZZZZZZZZXII
408,IIIIIYZZZZZZZZZZZYII
409,IIIIIXZZZZZZZZZZZZXI
410,IIIIIXZZZZZZZZZZZZYI
411,IIIIIYZZZZZZZZZZZZXI
412,IIIIIYZZZZZZZZZZZZYI
413,IIIIIXZZZZZZZZZZZZZX
414,IIIIIXZZZZZZZZZZZZZY
415,IIIIIYZZZZZZZZZZZZZX
416,IIIIIYZZZZZZZZZZZZZY
417,IIIIIIXXIIIIIIIIIIII
418,IIIIIIXYIIIIIIIIIIII
419,IIIIIIYXIIIIIIIIIIII
420,IIIIIIYYIIIIIIIIIIII
421,IIIIIIXZXIIIIIIIIIII
422,IIIIIIXZYIIIIIIIIIII
423,IIIIIIYZXIIIIIIIIIII
424,IIIIIIYZYIIIIIIIIIII
425,IIIIIIXZZXIIIIIIIIII
426,IIIIIIXZZYIIIIIIIIII
427,IIIIIIYZZXIIIIIIIIII
428,IIIIIIYZZYIIIIIIIIII
429,IIIIIIXZZZXIIIIIIIII
430,IIIIIIXZZZYIIIIIIIII
431,IIIIIIYZZZXIIIIIIIII
432,IIIIIIYZZZYIIIIIIIII
433,IIIIIIXZZZZXIIIIIIII
434,IIIIIIXZZZZYIIIIIIII
435,IIIIIIYZZZZXIIIIIIII
436,IIIIIIYZZZZYIIIIIIII
437,IIIIIIXZZZZZXIIIIIII
438,IIIIIIXZZZZZYIIIIIII
439,IIIIIIYZZZZZXIIIIIII
440,IIIIIIYZZZZZYIIIIIII
441,IIIIIIXZZZZZZXIIIIII
442,IIIIIIXZZZZZZYIIIIII
443,IIIIIIYZZZZZZXIIIIII
444,IIIIIIYZZZZZZYIIIIII
445,IIIIIIXZZZZZZZXIIIII
446,IIIIIIXZZZZZZZYIIIII
447,IIIIIIYZZZZZZZXIIIII
448,IIIIIIYZZZZZZZYIIIII
449,IIIIIIXZZZZZZZZXIIII
450,IIIIIIXZZZZZZZZYIIII
451,IIIIIIYZZZZZZZZXIIII
452,IIIIIIYZZZZZZZZYIIII
453,IIIIIIXZZZZZZZZZXIII
454,IIIIIIXZZZZZZZZZYIII
455,IIIIIIYZZZZZZZZZXIII
456,IIIIIIYZZZZZZZZZYIII
457,IIIIIIXZZZZZZZZZZXII
458,IIIIIIXZZZZZZZZZZYII
459,IIIIIIYZZZZZZZZZZXII
460,IIIIIIYZZZZZZZZZZYII
461,IIIIIIXZZZZZZZZZZZXI
462,IIIIIIXZZZZZZZZZZZYI
463,IIIIIIYZZZZZZZZZZZXI
464,IIIIIIYZZZZZZZZZZZYI
465,IIIIIIXZZZZZZZZZZZZX
466,IIIIIIXZZZZZZZZZZZZY
467,IIIIIIYZZZZZZZZZZZZX
468,IIIIIIYZZZZZZZZZZZZY
469,IIIIIIIXXIIIIIIIIIII
470,IIIIIIIXYIIIIIIIIIII
471,IIIIIIIYXIIIIIIIIIII
472,IIIIIIIYYIIIIIIIIIII
473,IIIIIIIXZXIIIIIIIIII
474,IIIIIIIXZYIIIIIIIIII
475,IIIIIIIYZXIIIIIIIIII
476,IIIIIIIYZYIIIIIIIIII
477,IIIIIIIXZZXIIIIIIIII
478,IIIIIIIXZZYIIIIIIIII
479,IIIIIIIYZZXIIIIIIIII
480,IIIIIIIYZZYIIIIIIIII
481,IIIIIIIXZZZXIIIIIIII
482,IIIIIIIXZZZYIIIIIIII
483,IIIIIIIYZZZXIIIIIIII
484,IIIIIIIYZZZYIIIIIIII
485,IIIIIIIXZZZZXIIIIIII
486,IIIIIIIXZZZZYIIIIIII
487,IIIIIIIYZZZZXIIIIIII
488,IIIIIIIYZZZZYIIIIIII
489,IIIIIIIXZZZZZXIIIIII
490,IIIIIIIXZZZZZYIIIIII
491,IIIIIIIYZZZZZXIIIIII
492,IIIIIIIYZZZZZYIIIIII
493,IIIIIIIXZZZZZZXIIIII
494,IIIIIIIXZZZZZZYIIIII
495,IIIIIIIYZZZZZZXIIIII
496,IIIIIIIYZZZZZZYIIIII
497,IIIIIIIXZZZZZZZXIIII
498,IIIIIIIXZZZZZZZYIIII
499,IIIIIIIYZZZZZZZXIIII
500,IIIIIIIYZZZZZZZYIIII
501,IIIIIIIXZZZZZZZZXIII
502,IIIIIIIXZZZZZZZZYIII
503,IIIIIIIYZZZZZZZZXIII
504,IIIIIIIYZZZZZZZZYIII
505,IIIIIIIXZZZZZZZZZXII
506,IIIIIIIXZZZZZZZZZYII
507,IIIIIIIYZZZZZZZZZXII
508,IIIIIIIYZZZZZZZZZYII
509,IIIIIIIXZZZZZZZZZZXI
510,IIIIIIIXZZZZZZZZZZYI
511,IIIIIIIYZZZZZZZZZZXI
512,IIIIIIIYZZZZZZZZZZYI
513,IIIIIIIXZZZZZZZZZZZX
514,IIIIIIIXZZZZZZZZZZZY
515,IIIIIIIYZZZZZZZZZZZX
516,IIIIIIIYZZZZZZZZZZZY
517,IIIIIIIIXXIIIIIIIIII
518,IIIIIIIIXYIIIIIIIIII
519,IIIIIIIIYXIIIIIIIIII
520,IIIIIIIIYYIIIIIIIIII
521,IIIIIIIIXZXIIIIIIIII
522,IIIIIIIIXZYIIIIIIIII
523,IIIIIIIIYZXIIIIIIIII
524,IIIIIIIIYZYIIIIIIIII
525,IIIIIIIIXZZXIIIIIIII
526,IIIIIIIIXZZYIIIIIIII
527,IIIIIIIIYZZXIIIIIIII
528,IIIIIIIIYZZYIIIIIIII
529,IIIIIIIIXZZZXIIIIIII
530,IIIIIIIIXZZZYIIIIIII
531,IIIIIIIIYZZZXIIIIIII
532,IIIIIIIIYZZZYIIIIIII
533,IIIIIIIIXZZZZXIIIIII
534,IIIIIIIIXZZZZYIIIIII
535,IIIIIIIIYZZZZXIIIIII
536,IIIIIIIIYZZZZYIIIIII
537,IIIIIIIIXZZZZZXIIIII
538,IIIIIIIIXZZZZZYIIIII
539,IIIIIIIIYZZZZZXIIIII
540,IIIIIIIIYZZZZZYIIIII
541,IIIIIIIIXZZZZZZXIIII
542,IIIIIIIIXZZZZZZYIIII
543,IIIIIIIIYZZZZZZXIIII
544,IIIIIIIIYZZZZZZYIIII
545,IIIIIIIIXZZZZZZZXIII
546,IIIIIIIIXZZZZZZZYIII
547,IIIIIIIIYZZZZZZZXIII
548,IIIIIIIIYZZZZZZZYIII
549,IIIIIIIIXZZZZZZZZXII
550,IIIIIIIIXZZZZZZZZYII
551,IIIIIIIIYZZZZZZZZXII
552,IIIIIIIIYZZZZZZZZYII
553,IIIIIIIIXZZZZZZZZZXI
554,IIIIIIIIXZZZZZZZZZYI
555,IIIIIIIIYZZZZZZZZZXI
556,IIIIIIIIYZZZZZZZZZYI
557,IIIIIIIIXZZZZZZZZZZX
558,IIIIIIIIXZZZZZZZZZZY
559,IIIIIIIIYZZZZZZZZZZX
560,IIIIIIIIYZZZZZZZZZZY
561,IIIIIIIIIXXIIIIIIIII
562,IIIIIIIIIXYIIIIIIIII
563,IIIIIIIIIYXIIIIIIIII
564,IIIIIIIIIYYIIIIIIIII
565,IIIIIIIIIXZXIIIIIIII
566,IIIIIIIIIXZYIIIIIIII
567,IIIIIIIIIYZXIIIIIIII
568,IIIIIIIIIYZYIIIIIIII
569,IIIIIIIIIXZZXIIIIIII
570,IIIIIIIIIXZZYIIIIIII
571,IIIIIIIIIYZZXIIIIIII
572,IIIIIIIIIYZZYIIIIIII
573,IIIIIIIIIXZZZXIIIIII
574,IIIIIIIIIXZZZYIIIIII
575,IIIIIIIIIYZZZXIIIIII
576,IIIIIIIIIYZZZYIIIIII
577,IIIIIIIIIXZZZZXIIIII
578,IIIIIIIIIXZZZZYIIIII
579,IIIIIIIIIYZZZZXIIIII
580,IIIIIIIIIYZZZZYIIIII
581,IIIIIIIIIXZZZZZXIIII
582,IIIIIIIIIXZZZZZYIIII
583,IIIIIIIIIYZZZZZXIIII
584,IIIIIIIIIYZZZZZYIIII
585,IIIIIIIIIXZZZZZZXIII
586,IIIIIIIIIXZZZZZZYIII
587,IIIIIIIIIYZZZZZZXIII
588,IIIIIIIIIYZZZZZZYIII
589,IIIIIIIIIXZZZZZZZXII
590,IIIIIIIIIXZZZZZZZYII
591,IIIIIIIIIYZZZZZZZXII
592,IIIIIIIIIYZZZZZZZYII
593,IIIIIIIIIXZZZZZZZZXI
594,IIIIIIIIIXZZZZZZZZYI
595,IIIIIIIIIYZZZZZZZZXI
596,IIIIIIIIIYZZZZZZZZYI
597,IIIIIIIIIXZZZZZZZZZX
598,IIIIIIIIIXZZZZZZZZZY
599,IIIIIIIIIYZZZZZZZZZX
600,IIIIIIIIIYZZZZZZZZZY
601,IIIIIIIIIIXXIIIIIIII
602,IIIIIIIIIIXYIIIIIIII
603,IIIIIIIIIIYXIIIIIIII
604,IIIIIIIIIIYYIIIIIIII
605,IIIIIIIIIIXZXIIIIIII
606,IIIIIIIIIIXZYIIIIIII
607,IIIIIIIIIIYZXIIIIIII
608,IIIIIIIIIIYZYIIIIIII
609,IIIIIIIIIIXZZXIIIIII
610,IIIIIIIIIIXZZYIIIIII
611,IIIIIIIIIIYZZXIIIIII
612,IIIIIIIIIIYZZYIIIIII
613,IIIIIIIIIIXZZZXIIIII
614,IIIIIIIIIIXZZZYIIIII
615,IIIIIIIIIIYZZZXIIIII
616,IIIIIIIIIIYZZZYIIIII
617,IIIIIIIIIIXZZZZXIIII
618,IIIIIIIIIIXZZZZYIIII
619,IIIIIIIIIIYZZZZXIIII
620,IIIIIIIIIIYZZZZYIIII
621,IIIIIIIIIIXZZZZZXIII
622,IIIIIIIIIIXZZZZZYIII
623,IIIIIIIIIIYZZZZZXIII
624,IIIIIIIIIIYZZZZZYIII
625,IIIIIIIIIIXZZZZZZXII
626,IIIIIIIIIIXZZZZZZYII
627,IIIIIIIIIIYZZZZZZXII
628,IIIIIIIIIIYZZZZZZYII
629,IIIIIIIIIIXZZZZZZZXI
630,IIIIIIIIIIXZZZZZZZYI
631,IIIIIIIIIIYZZZZZZZXI
632,IIIIIIIIIIYZZZZZZZYI
633,IIIIIIIIIIXZZZZZZZZX
634,IIIIIIIIIIXZZZZZZZZY
635,IIIIIIIIIIYZZZZZZZZX
636,IIIIIIIIIIYZZZZZZZZY
637,IIIIIIIIIIIXXIIIIIII
638,IIIIIIIIIIIXYIIIIIII
639,IIIIIIIIIIIYXIIIIIII
640,IIIIIIIIIIIYYIIIIIII
641,IIIIIIIIIIIXZXIIIIII
642,IIIIIIIIIIIXZYIIIIII
643,IIIIIIIIIIIYZXIIIIII
644,IIIIIIIIIIIYZYIIIIII
645,IIIIIIIIIIIXZZXIIIII
646,IIIIIIIIIIIXZZYIIIII
647,IIIIIIIIIIIYZZXIIIII
648,IIIIIIIIIIIYZZYIIIII
649,IIIIIIIIIIIXZZZXIIII
650,IIIIIIIIIIIXZZZYIIII
651,IIIIIIIIIIIYZZZXIIII
652,IIIIIIIIIIIYZZZYIIII
653,IIIIIIIIIIIXZZZZXIII
654,IIIIIIIIIIIXZZZZYIII
655,IIIIIIIIIIIYZZZZXIII
656,IIIIIIIIIIIYZZZZYIII
657,IIIIIIIIIIIXZZZZZXII
658,IIIIIIIIIIIXZZZZZYII
659,IIIIIIIIIIIYZZZZZXII
660,IIIIIIIIIIIYZZZZZYII
661,IIIIIIIIIIIXZZZZZZXI
662,IIIIIIIIIIIXZZZZZZYI
663,IIIIIIIIIIIYZZZZZZXI
664,IIIIIIIIIIIYZZZZZZYI
665,IIIIIIIIIIIXZZZZZZZX
666,IIIIIIIIIIIXZZZZZZZY
667,IIIIIIIIIIIYZZZZZZZX
668,IIIIIIIIIIIYZZZZZZZY
669,IIIIIIIIIIIIXXIIIIII
670,IIIIIIIIIIIIXYIIIIII
671,IIIIIIIIIIIIYXIIIIII
672,IIIIIIIIIIIIYYIIIIII
673,IIIIIIIIIIIIXZXIIIII
674,IIIIIIIIIIIIXZYIIIII
675,IIIIIIIIIIIIYZXIIIII
676,IIIIIIIIIIIIYZYIIIII
677,IIIIIIIIIIIIXZZXIIII
678,IIIIIIIIIIIIXZZYIIII
679,IIIIIIIIIIIIYZZXIIII
680,IIIIIIIIIIIIYZZYIIII
681,IIIIIIIIIIIIXZZZXIII
682,IIIIIIIIIIIIXZZZYIII
683,IIIIIIIIIIIIYZZZXIII
684,IIIIIIIIIIIIYZZZYIII
685,IIIIIIIIIIIIXZZZZXII
686,IIIIIIIIIIIIXZZZZYII
687,IIIIIIIIIIIIYZZZZXII
688,IIIIIIIIIIIIYZZZZYII
689,IIIIIIIIIIIIXZZZZZXI
690,IIIIIIIIIIIIXZZZZZYI
691,IIIIIIIIIIIIYZZZZZXI
692,IIIIIIIIIIIIYZZZZZYI
693,IIIIIIIIIIIIXZZZZZZX
694,IIIIIIIIIIIIXZZZZZZY
695,IIIIIIIIIIIIYZZZZZZX
696,IIIIIIIIIIIIYZZZZZZY
697,IIIIIIIIIIIIIXXIIIII
698,IIIIIIIIIIIIIXYIIIII
699,IIIIIIIIIIIIIYXIIIII
700,IIIIIIIIIIIIIYYIIIII
701,IIIIIIIIIIIIIXZXIIII
702,IIIIIIIIIIIIIXZYIIII
703,IIIIIIIIIIIIIYZXIIII
704,IIIIIIIIIIIIIYZYIIII
705,IIIIIIIIIIIIIXZZXIII
706,IIIIIIIIIIIIIXZZYIII
707,IIIIIIIIIIIIIYZZXIII
708,IIIIIIIIIIIIIYZZYIII
709,IIIIIIIIIIIIIXZZZXII
710,IIIIIIIIIIIIIXZZZYII
711,IIIIIIIIIIIIIYZZZXII
712,IIIIIIIIIIIIIYZZZYII
713,IIIIIIIIIIIIIXZZZZXI
714,IIIIIIIIIIIIIXZZZZYI
715,IIIIIIIIIIIIIYZZZZXI
716,IIIIIIIIIIIIIYZZZZYI
717,IIIIIIIIIIIIIXZZZZZX
718,IIIIIIIIIIIIIXZZZZZY
719,IIIIIIIIIIIIIYZZZZZX
720,IIIIIIIIIIIIIYZZZZZY
721,IIIIIIIIIIIIIIXXIIII
722,IIIIIIIIIIIIIIXYIIII
723,IIIIIIIIIIIIIIYXIIII
724,IIIIIIIIIIIIIIYYIIII
725,IIIIIIIIIIIIIIXZXIII
726,IIIIIIIIIIIIIIXZYIII
727,IIIIIIIIIIIIIIYZXIII
728,IIIIIIIIIIIIIIYZYIII
729,IIIIIIIIIIIIIIXZZXII
730,IIIIIIIIIIIIIIXZZYII
731,IIIIIIIIIIIIIIYZZXII
732,IIIIIIIIIIIIIIYZZYII
733,IIIIIIIIIIIIIIXZZZXI
734,IIIIIIIIIIIIIIXZZZYI
735,IIIIIIIIIIIIIIYZZZXI
736,IIIIIIIIIIIIIIYZZZYI
737,IIIIIIIIIIIIIIXZZZZX
738,IIIIIIIIIIIIIIXZZZZY
739,IIIIIIIIIIIIIIYZZZZX
740,IIIIIIIIIIIIIIYZZZZY
741,IIIIIIIIIIIIIIIXXIII
742,IIIIIIIIIIIIIIIXYIII
743,IIIIIIIIIIIIIIIYXIII
744,IIIIIIIIIIIIIIIYYIII
745,IIIIIIIIIIIIIIIXZXII
746,IIIIIIIIIIIIIIIXZYII
747,IIIIIIIIIIIIIIIYZXII
748,IIIIIIIIIIIIIIIYZYII
749,IIIIIIIIIIIIIIIXZZXI
750,IIIIIIIIIIIIIIIXZZYI
751,IIIIIIIIIIIIIIIYZZXI
752,IIIIIIIIIIIIIIIYZZYI
753,IIIIIIIIIIIIIIIXZZZX
754,IIIIIIIIIIIIIIIXZZZY
755,IIIIIIIIIIIIIIIYZZZX
756,IIIIIIIIIIIIIIIYZZZY
757,IIIIIIIIIIIIIIIIXXII
758,IIIIIIIIIIIIIIIIXYII
759,IIIIIIIIIIIIIIIIYXII
760,IIIIIIIIIIIIIIIIYYII
761,IIIIIIIIIIIIIIIIXZXI
762,IIIIIIIIIIIIIIIIXZYI
763,IIIIIIIIIIIIIIIIYZXI
764,IIIIIIIIIIIIIIIIYZYI
765,IIIIIIIIIIIIIIIIXZZX
766,IIIIIIIIIIIIIIIIXZZY
767,IIIIIIIIIIIIIIIIYZZX
768,IIIIIIIIIIIIIIIIYZZY
769,IIIIIIIIIIIIIIIIIXXI
770,IIIIIIIIIIIIIIIIIXYI
771,IIIIIIIIIIIIIIIIIYXI
772,IIIIIIIIIIIIIIIIIYYI
773,IIIIIIIIIIIIIIIIIXZX
774,IIIIIIIIIIIIIIIIIXZY
775,IIIIIIIIIIIIIIIIIYZX
776,IIIIIIIIIIIIIIIIIYZY
777,IIIIIIIIIIIIIIIIIIXX
778,IIIIIIIIIIIIIIIIIIXY
779,IIIIIIIIIIIIIIIIIIYX
780,IIIIIIIIIIIIIIIIIIYY
